INSERT INTO `recursion_mapping`
VALUES ('02d08219f5d34fd1a82fb15cb9ba4711', '079a5339a8404b12b7f732d66c315bb9', '1', '2a0c962df4fe458a9e7cb54ca6614c9a',
        '2');
INSERT INTO `recursion_mapping`
VALUES ('095eab2e76c047edad977fcd40a9dd1a', '743d45713a85430bbe4ecd7000cbe2f4', '1', '', '1');
INSERT INTO `recursion_mapping`
VALUES ('147f8b7061d947fb861d9c5e1f3d23ca', '371457c9c8c74a0b8d1724af5df2b6ad', '1', '743d45713a85430bbe4ecd7000cbe2f4',
        '2');
INSERT INTO `recursion_mapping`
VALUES ('19d6fdebfb2b416192adbf6dbe16e969', '067aeb537a994316b460b276714a01bc', '1', '743d45713a85430bbe4ecd7000cbe2f4',
        '2');
INSERT INTO `recursion_mapping`
VALUES ('5e396a0e433d4cd48440cb592ec0f587', 'f15c740bcb554bff8e800b8174e6a3ae', '1', '', '1');
INSERT INTO `recursion_mapping`
VALUES ('78a25584905c4de69f2381be4d588e3c', '0b3e1956cc5642aa99047ea0ab8a8d58', '1', 'f15c740bcb554bff8e800b8174e6a3ae',
        '2');
INSERT INTO `recursion_mapping`
VALUES ('7bac54a0a14c4a9e8ea210cb0000f470', 'e50c105a284f4b96a3fc2aaf7201fd9e', '1', 'f15c740bcb554bff8e800b8174e6a3ae',
        '2');
INSERT INTO `recursion_mapping`
VALUES ('a7873ba7f3474bf6a4560ee3846d2e02', 'e467a5ae1e754a1fa0cd5cf0976828ef', '1', '', '1');
INSERT INTO `recursion_mapping`
VALUES ('b981c9df671942e8b7aa30f4dc8e9e87', '5eec7aa342454b3c84df179c2b851c31', '1', 'e467a5ae1e754a1fa0cd5cf0976828ef',
        '2');
INSERT INTO `recursion_mapping`
VALUES ('ed2b2c98c4f24ddd9a82a539de54f14f', '30950e87418c4eacabd807bfa2505fb0', '1', '2a0c962df4fe458a9e7cb54ca6614c9a',
        '2');
INSERT INTO `recursion_mapping`
VALUES ('f934e5dec2fb42808f736ca69ff0db84', '2a0c962df4fe458a9e7cb54ca6614c9a', '1', '', '1');

INSERT INTO `sys_dept`
VALUES ('067aeb537a994316b460b276714a01bc', '003002', '产品部', '产品', '743d45713a85430bbe4ecd7000cbe2f4', '1', '', '1',
        '2021-11-07 15:02:46', '1', '2021-12-17 15:28:41');
INSERT INTO `sys_dept`
VALUES ('079a5339a8404b12b7f732d66c315bb9', '001001', '财务部', '财务部', '2a0c962df4fe458a9e7cb54ca6614c9a', '1', '', '1',
        '2021-11-07 15:01:31', '1', '2021-12-29 17:23:07');
INSERT INTO `sys_dept`
VALUES ('0b3e1956cc5642aa99047ea0ab8a8d58', '002002', '销售部', '销售部', 'f15c740bcb554bff8e800b8174e6a3ae', '1', '', '1',
        '2021-11-07 15:02:02', '1', '2021-11-07 15:02:02');
INSERT INTO `sys_dept`
VALUES ('2a0c962df4fe458a9e7cb54ca6614c9a', '001', '财务中心', '财务中心', null, '1', '', '1', '2021-11-07 14:59:21', '1',
        '2021-12-24 15:24:31');
INSERT INTO `sys_dept`
VALUES ('30950e87418c4eacabd807bfa2505fb0', '001002', '核算部', '核算部', '2a0c962df4fe458a9e7cb54ca6614c9a', '1', '', '1',
        '2021-12-29 14:28:05', '1', '2021-12-29 14:28:05');
INSERT INTO `sys_dept`
VALUES ('371457c9c8c74a0b8d1724af5df2b6ad', '003001', '研发部', '研发部', '743d45713a85430bbe4ecd7000cbe2f4', '1', '', '1',
        '2021-11-07 15:02:34', '1', '2021-11-07 15:02:34');
INSERT INTO `sys_dept`
VALUES ('5eec7aa342454b3c84df179c2b851c31', '004001', '车管部门', '车管', 'e467a5ae1e754a1fa0cd5cf0976828ef', '1', '', '1',
        '2021-12-17 15:27:40', '1', '2021-12-17 15:28:06');
INSERT INTO `sys_dept`
VALUES ('743d45713a85430bbe4ecd7000cbe2f4', '003', '研发中心', '研发中心', null, '1', '', '1', '2021-11-07 15:01:00', '1',
        '2021-11-07 15:01:00');
INSERT INTO `sys_dept`
VALUES ('e467a5ae1e754a1fa0cd5cf0976828ef', '004', '仓库管理', '仓库', null, '1', '', '1', '2021-12-17 15:20:38', '1',
        '2021-12-17 15:26:58');
INSERT INTO `sys_dept`
VALUES ('e50c105a284f4b96a3fc2aaf7201fd9e', '002001', '市场部', '市场部', 'f15c740bcb554bff8e800b8174e6a3ae', '1', '', '1',
        '2021-11-07 15:01:51', '1', '2021-11-07 15:01:51');
INSERT INTO `sys_dept`
VALUES ('f15c740bcb554bff8e800b8174e6a3ae', '002', '运营中心', '运营中心', null, '1', '', '1', '2021-11-07 14:59:44', '1',
        '2021-11-07 14:59:44');

INSERT INTO `sys_position`
VALUES ('144d741a3dc14c03be583d1ee435a57f', '001', '财务总监', '1', '', '1', '2021-11-07 15:03:21', '1',
        '2021-12-29 14:22:49');
INSERT INTO `sys_position`
VALUES ('1b61bf9ffedc4ccb8c72bc8b5b8915a0', '006', '研发总监', '1', '', '1', '2021-11-07 15:06:05', '1',
        '2021-11-07 15:06:05');
INSERT INTO `sys_position`
VALUES ('46e90dbd681649ae9a49c3a5213bf00e', '003', '运营总监', '1', '', '1', '2021-11-07 15:04:55', '1',
        '2021-11-07 15:04:55');
INSERT INTO `sys_position`
VALUES ('5c83b4dee24e4755a5d64aaefb2af89c', '007', '研发工程师', '1', '', '1', '2021-11-07 15:06:22', '1',
        '2021-11-07 15:06:22');
INSERT INTO `sys_position`
VALUES ('7fc3010b773b46338a172319d6ddde66', '008', '产品经理', '1', '', '1', '2021-11-07 15:06:34', '1',
        '2021-11-07 15:06:34');
INSERT INTO `sys_position`
VALUES ('b3b7af273ed1493f8f7b1ecde9512715', '005', '销售部专员', '1', '', '1', '2021-11-07 15:05:44', '1',
        '2021-11-07 15:05:44');
INSERT INTO `sys_position`
VALUES ('ca737ac4e7a94692a7c56d52882e327b', '004', '市场部专员', '1', '', '1', '2021-11-07 15:05:27', '1',
        '2021-11-07 15:05:27');
INSERT INTO `sys_position`
VALUES ('e25d89967fe24fd8b1b00287ca0e121c', '009', '产品经理', '0', '', '1', '2021-12-17 15:30:46', '1',
        '2021-12-17 15:38:00');
INSERT INTO `sys_position`
VALUES ('ef777b5f0340443db3b902203fabaab5', '002', '财务会计', '1', '', '1', '2021-11-07 15:03:58', '1',
        '2021-11-07 15:03:58');

INSERT INTO `sys_role`
VALUES ('1', '001', '系统管理员', 'admin', '1', '系统管理员', '1', '2021-05-08 18:04:41', '1', '2021-05-08 18:04:45');
INSERT INTO `sys_role`
VALUES ('32cbf393207e4ab3b1abc876b2cfc1a2', '002', '公司总监', null, '1', '', '1', '2021-11-07 15:11:36', '1',
        '2021-11-07 15:11:36');
INSERT INTO `sys_role`
VALUES ('75fde99fc20d4f9e92806003b5c26643', '003', '公司专员', null, '1', '', '1', '2021-11-07 15:12:24', '1',
        '2021-11-07 15:12:24');

INSERT INTO `sys_role_menu`
VALUES ('55b9831075964675927db6918a4e216e', '32cbf393207e4ab3b1abc876b2cfc1a2', '2000');
INSERT INTO `sys_role_menu`
VALUES ('d7e4f0d255b749418f9399a36388dfe2', '32cbf393207e4ab3b1abc876b2cfc1a2', '2000002');
INSERT INTO `sys_role_menu`
VALUES ('622ec5afd75c4e49ae49740800b1f257', '32cbf393207e4ab3b1abc876b2cfc1a2', '2000002001');
INSERT INTO `sys_role_menu`
VALUES ('f0befaa9c9ef44b292be8affdd8b24ab', '32cbf393207e4ab3b1abc876b2cfc1a2', '2000002002');
INSERT INTO `sys_role_menu`
VALUES ('8e0e62e3c9ef46d9bedfd08650d476a4', '32cbf393207e4ab3b1abc876b2cfc1a2', '2000002003');
INSERT INTO `sys_role_menu`
VALUES ('920f4d195762444cb5ec97fb588cfb9d', '32cbf393207e4ab3b1abc876b2cfc1a2', '2000004');
INSERT INTO `sys_role_menu`
VALUES ('08878cdef12b4d39b717441a3e411ec5', '32cbf393207e4ab3b1abc876b2cfc1a2', '2000004001');
INSERT INTO `sys_role_menu`
VALUES ('1703ffcafcab42d8a10249adf1a432ab', '32cbf393207e4ab3b1abc876b2cfc1a2', '2000004002');
INSERT INTO `sys_role_menu`
VALUES ('b8e7dc08d812433194c9c01291a91bfc', '32cbf393207e4ab3b1abc876b2cfc1a2', '2000004003');
INSERT INTO `sys_role_menu`
VALUES ('b882de5abadf4448852ec33a64159280', '32cbf393207e4ab3b1abc876b2cfc1a2', '2000005');
INSERT INTO `sys_role_menu`
VALUES ('8623aff8b668467d9005f6f31eac6d43', '32cbf393207e4ab3b1abc876b2cfc1a2', '2000005001');
INSERT INTO `sys_role_menu`
VALUES ('f5397a0ee6ce47adab5983880a7e485d', '32cbf393207e4ab3b1abc876b2cfc1a2', '2000005002');
INSERT INTO `sys_role_menu`
VALUES ('d1a7deb180ea43a1a7baeddeaa15b834', '32cbf393207e4ab3b1abc876b2cfc1a2', '2000005003');
INSERT INTO `sys_role_menu`
VALUES ('5e37d241852443efa54fea3ab6461eb4', '32cbf393207e4ab3b1abc876b2cfc1a2', '2000006');
INSERT INTO `sys_role_menu`
VALUES ('792187e7e6794a16aed92f04ca3e1e9b', '32cbf393207e4ab3b1abc876b2cfc1a2', '2000006001');
INSERT INTO `sys_role_menu`
VALUES ('2478ccb1ef6847af83685e431d3c62dc', '32cbf393207e4ab3b1abc876b2cfc1a2', '2000006002');
INSERT INTO `sys_role_menu`
VALUES ('710fdbff5ce54d5db014b3005d4b9b73', '32cbf393207e4ab3b1abc876b2cfc1a2', '2000006003');
INSERT INTO `sys_role_menu`
VALUES ('9a5817a93980439c9547dca7a649e2e1', '32cbf393207e4ab3b1abc876b2cfc1a2', '2001');
INSERT INTO `sys_role_menu`
VALUES ('84935cfca6634f24a9e9688de68a581e', '32cbf393207e4ab3b1abc876b2cfc1a2', '2001001');
INSERT INTO `sys_role_menu`
VALUES ('51c82f8d834a412bb3ef98f4a4749f39', '32cbf393207e4ab3b1abc876b2cfc1a2', '2001001001');
INSERT INTO `sys_role_menu`
VALUES ('939430cd33114527998f7f4015b9f08f', '32cbf393207e4ab3b1abc876b2cfc1a2', '2001001002');
INSERT INTO `sys_role_menu`
VALUES ('389a20cd3997463c8695739bbe1bf6a8', '32cbf393207e4ab3b1abc876b2cfc1a2', '2001001003');
INSERT INTO `sys_role_menu`
VALUES ('b5e8cd0d9a1349c8955f145af6e9d733', '32cbf393207e4ab3b1abc876b2cfc1a2', '2001002');
INSERT INTO `sys_role_menu`
VALUES ('8adad17181ed4646b8a5d45d1adf883c', '32cbf393207e4ab3b1abc876b2cfc1a2', '2001002001');
INSERT INTO `sys_role_menu`
VALUES ('480708cc24b44542897d87b6fe3c5d4d', '32cbf393207e4ab3b1abc876b2cfc1a2', '2001002002');
INSERT INTO `sys_role_menu`
VALUES ('b4b9a9c7f8c54e4f99d15cc475cfa37a', '32cbf393207e4ab3b1abc876b2cfc1a2', '2001002003');
INSERT INTO `sys_role_menu`
VALUES ('26bc8d364dd84dde825a1f0f8c3c2c77', '32cbf393207e4ab3b1abc876b2cfc1a2', '2001003');
INSERT INTO `sys_role_menu`
VALUES ('3011a60a19804db2a9c21c970bd5326c', '32cbf393207e4ab3b1abc876b2cfc1a2', '2001003001');
INSERT INTO `sys_role_menu`
VALUES ('cc86eed3f681456c8de4cd57a47fd081', '32cbf393207e4ab3b1abc876b2cfc1a2', '2001003002');
INSERT INTO `sys_role_menu`
VALUES ('d4bb28c51b314afbb0357fcd76610454', '32cbf393207e4ab3b1abc876b2cfc1a2', '2001003003');
INSERT INTO `sys_role_menu`
VALUES ('3c8f032f3cbe479f994666b7cabc7f8b', '32cbf393207e4ab3b1abc876b2cfc1a2', '2001003004');
INSERT INTO `sys_role_menu`
VALUES ('286687195ade43baabe9fb28433e22b9', '32cbf393207e4ab3b1abc876b2cfc1a2', '2001003005');
INSERT INTO `sys_role_menu`
VALUES ('ca4df74c54a64ec5a4f9efef637abaf9', '32cbf393207e4ab3b1abc876b2cfc1a2', '2001003006');
INSERT INTO `sys_role_menu`
VALUES ('bca6dcbe51134224a458fe91733a06ac', '32cbf393207e4ab3b1abc876b2cfc1a2', '2001004');
INSERT INTO `sys_role_menu`
VALUES ('5c40baf2bc074cfa9dc59ab6aa355994', '32cbf393207e4ab3b1abc876b2cfc1a2', '2001004001');
INSERT INTO `sys_role_menu`
VALUES ('22ba835a5fbc4e8ea9982e213f875074', '32cbf393207e4ab3b1abc876b2cfc1a2', '2001004002');
INSERT INTO `sys_role_menu`
VALUES ('f92a24c00d394b2fa855456075a78f8b', '32cbf393207e4ab3b1abc876b2cfc1a2', '2001004003');
INSERT INTO `sys_role_menu`
VALUES ('cbaed0d3652f4023b843af47439b1883', '32cbf393207e4ab3b1abc876b2cfc1a2', '2001004004');
INSERT INTO `sys_role_menu`
VALUES ('cad27016d8eb4b36a0b01fec2f9b138a', '32cbf393207e4ab3b1abc876b2cfc1a2', '2001004005');
INSERT INTO `sys_role_menu`
VALUES ('b20dca4b2b6e4cb08606d7a011546d72', '32cbf393207e4ab3b1abc876b2cfc1a2', '2001004006');
INSERT INTO `sys_role_menu`
VALUES ('6bd84443c3494372847267e7fbd2b8c1', '32cbf393207e4ab3b1abc876b2cfc1a2', '2001005');
INSERT INTO `sys_role_menu`
VALUES ('730b98fcfb4344e29655d836dd7b834a', '32cbf393207e4ab3b1abc876b2cfc1a2', '2001005001');
INSERT INTO `sys_role_menu`
VALUES ('04f626a8908444ef9a7ca112836b5941', '32cbf393207e4ab3b1abc876b2cfc1a2', '2001005002');
INSERT INTO `sys_role_menu`
VALUES ('f6c9ff47323d4f7ea8c3c4754ed9f151', '32cbf393207e4ab3b1abc876b2cfc1a2', '2001005003');
INSERT INTO `sys_role_menu`
VALUES ('9b9b97ccbd1d46f89c9f102f775168a2', '32cbf393207e4ab3b1abc876b2cfc1a2', '2002');
INSERT INTO `sys_role_menu`
VALUES ('2aa2e4affe274ad29c52210d5d6a60a4', '32cbf393207e4ab3b1abc876b2cfc1a2', '2002001');
INSERT INTO `sys_role_menu`
VALUES ('3f457343f6ad4963962fbdfe6e81f2f8', '32cbf393207e4ab3b1abc876b2cfc1a2', '2002001001');
INSERT INTO `sys_role_menu`
VALUES ('e71a28aef12f4605bfbc7a35cd8be553', '32cbf393207e4ab3b1abc876b2cfc1a2', '2002002');
INSERT INTO `sys_role_menu`
VALUES ('7279c7de7fcb4ccebb1da476638bde3a', '32cbf393207e4ab3b1abc876b2cfc1a2', '2002002001');
INSERT INTO `sys_role_menu`
VALUES ('5ac65a758a5d4d7aad9a7b4a9a7e6fa2', '32cbf393207e4ab3b1abc876b2cfc1a2', '2002002002');
INSERT INTO `sys_role_menu`
VALUES ('7364536158a8414e8ddf717152528031', '32cbf393207e4ab3b1abc876b2cfc1a2', '2002002003');
INSERT INTO `sys_role_menu`
VALUES ('cd3f5cf5e033482687ef3c730202fa7d', '32cbf393207e4ab3b1abc876b2cfc1a2', '2002002004');
INSERT INTO `sys_role_menu`
VALUES ('a4a45926d89840d9a455fce3a1a2e236', '32cbf393207e4ab3b1abc876b2cfc1a2', '2002002005');
INSERT INTO `sys_role_menu`
VALUES ('def60b086d5549f19b8a131178316eaa', '32cbf393207e4ab3b1abc876b2cfc1a2', '2002002006');
INSERT INTO `sys_role_menu`
VALUES ('08e151368aa248f8bd7b4387dfd3b7dd', '32cbf393207e4ab3b1abc876b2cfc1a2', '2002003');
INSERT INTO `sys_role_menu`
VALUES ('de95a2b5415d44f8a52bd776999f5e5a', '32cbf393207e4ab3b1abc876b2cfc1a2', '2002003001');
INSERT INTO `sys_role_menu`
VALUES ('a42eb2524e3b4fa7b77f49c6562984fe', '32cbf393207e4ab3b1abc876b2cfc1a2', '2002003002');
INSERT INTO `sys_role_menu`
VALUES ('0deeef30f9e44d37a39ed3a93fecada8', '32cbf393207e4ab3b1abc876b2cfc1a2', '2002003003');
INSERT INTO `sys_role_menu`
VALUES ('b96569ac06da4bb393fa7e1b870b119a', '32cbf393207e4ab3b1abc876b2cfc1a2', '2002003004');
INSERT INTO `sys_role_menu`
VALUES ('8414a0d5ab4a44cf8482d07fb5636b4f', '32cbf393207e4ab3b1abc876b2cfc1a2', '2002003005');
INSERT INTO `sys_role_menu`
VALUES ('d1240ab17f1f47e5944fce34fe094af9', '32cbf393207e4ab3b1abc876b2cfc1a2', '2002003006');
INSERT INTO `sys_role_menu`
VALUES ('ad5d4d94147b44459521dae40b50a914', '32cbf393207e4ab3b1abc876b2cfc1a2', '2002004');
INSERT INTO `sys_role_menu`
VALUES ('493ffca58bdd4cc8954a4e02d219d9f1', '32cbf393207e4ab3b1abc876b2cfc1a2', '2002004001');
INSERT INTO `sys_role_menu`
VALUES ('ca240333f89f4666954af7253c70617f', '32cbf393207e4ab3b1abc876b2cfc1a2', '2002004002');
INSERT INTO `sys_role_menu`
VALUES ('f370713c4c46472e90aa086ad8fef6d9', '32cbf393207e4ab3b1abc876b2cfc1a2', '2002004003');
INSERT INTO `sys_role_menu`
VALUES ('d95f3352e67f448c9e67b5467874781d', '32cbf393207e4ab3b1abc876b2cfc1a2', '2002004004');
INSERT INTO `sys_role_menu`
VALUES ('9aa27e9ede0441559239a1edf6fbc787', '32cbf393207e4ab3b1abc876b2cfc1a2', '2002004005');
INSERT INTO `sys_role_menu`
VALUES ('f49930312c014a28b7555a3c5764c764', '32cbf393207e4ab3b1abc876b2cfc1a2', '2002004006');
INSERT INTO `sys_role_menu`
VALUES ('ee2de6faa0c34547851eea6dce0d3dee', '32cbf393207e4ab3b1abc876b2cfc1a2', '2003');
INSERT INTO `sys_role_menu`
VALUES ('09bc89c5f052481d8026407666e72353', '32cbf393207e4ab3b1abc876b2cfc1a2', '2003001');
INSERT INTO `sys_role_menu`
VALUES ('aba1f29566764568bc91810d5d19b1c4', '32cbf393207e4ab3b1abc876b2cfc1a2', '2003001001');
INSERT INTO `sys_role_menu`
VALUES ('80d0da03acf34d958423d8b580b0b4f9', '32cbf393207e4ab3b1abc876b2cfc1a2', '2003002');
INSERT INTO `sys_role_menu`
VALUES ('b250beae4a464773a7aeb353c62c5a93', '32cbf393207e4ab3b1abc876b2cfc1a2', '2003002001');
INSERT INTO `sys_role_menu`
VALUES ('c5f1c21a6b5a4f0e9ac5ecc81d380a2e', '32cbf393207e4ab3b1abc876b2cfc1a2', '2003002002');
INSERT INTO `sys_role_menu`
VALUES ('8205d604584d467cb3622fc2061c42be', '32cbf393207e4ab3b1abc876b2cfc1a2', '2003002003');
INSERT INTO `sys_role_menu`
VALUES ('d21230bd8c544205859c90cc227d3d94', '32cbf393207e4ab3b1abc876b2cfc1a2', '2003002004');
INSERT INTO `sys_role_menu`
VALUES ('7217978a9e494a66952e14f87b112a11', '32cbf393207e4ab3b1abc876b2cfc1a2', '2003002005');
INSERT INTO `sys_role_menu`
VALUES ('66ccaccc10be48efb67f387f1dda4f54', '32cbf393207e4ab3b1abc876b2cfc1a2', '2003002006');
INSERT INTO `sys_role_menu`
VALUES ('29f46d63c73d421fac6f80c35181951b', '32cbf393207e4ab3b1abc876b2cfc1a2', '2003003');
INSERT INTO `sys_role_menu`
VALUES ('aa633c61026448f19115e8abc28a5586', '32cbf393207e4ab3b1abc876b2cfc1a2', '2003003001');
INSERT INTO `sys_role_menu`
VALUES ('3dae9826115049d095777c8da4edddb3', '32cbf393207e4ab3b1abc876b2cfc1a2', '2003003002');
INSERT INTO `sys_role_menu`
VALUES ('61fb5147ac2e48b2b475f278d6cbf56c', '32cbf393207e4ab3b1abc876b2cfc1a2', '2003003003');
INSERT INTO `sys_role_menu`
VALUES ('b450dd20eb1b48ffb5746e8b3283811c', '32cbf393207e4ab3b1abc876b2cfc1a2', '2003003004');
INSERT INTO `sys_role_menu`
VALUES ('d0f48d5d2aa049baab149cefec43741b', '32cbf393207e4ab3b1abc876b2cfc1a2', '2003003005');
INSERT INTO `sys_role_menu`
VALUES ('32b106991509400da5dea83d2e0b29bf', '32cbf393207e4ab3b1abc876b2cfc1a2', '2003003006');
INSERT INTO `sys_role_menu`
VALUES ('e7f5f078821c44ce902a942c379383d0', '32cbf393207e4ab3b1abc876b2cfc1a2', '6001');
INSERT INTO `sys_role_menu`
VALUES ('ecdcd921e47f40c3ba6b79bdc73563da', '32cbf393207e4ab3b1abc876b2cfc1a2', '6001001');
INSERT INTO `sys_role_menu`
VALUES ('d71c52bb292642a8927e2ac4f4bbbfa1', '75fde99fc20d4f9e92806003b5c26643', '2001');
INSERT INTO `sys_role_menu`
VALUES ('86acdd3076194cd8b3dfe46a9829194f', '75fde99fc20d4f9e92806003b5c26643', '2001001');
INSERT INTO `sys_role_menu`
VALUES ('b3b38bd12e154b36ba514dadb0d723f8', '75fde99fc20d4f9e92806003b5c26643', '2001001001');
INSERT INTO `sys_role_menu`
VALUES ('b92fd85e7cc848a48fa6624bdd3b3bd1', '75fde99fc20d4f9e92806003b5c26643', '2001001002');
INSERT INTO `sys_role_menu`
VALUES ('fa08e539593244548ad430780db11f69', '75fde99fc20d4f9e92806003b5c26643', '2001001003');
INSERT INTO `sys_role_menu`
VALUES ('83a72650f5824066a8890dbc476351a8', '75fde99fc20d4f9e92806003b5c26643', '2001002');
INSERT INTO `sys_role_menu`
VALUES ('fb3495764f624ebe824014a6c643a728', '75fde99fc20d4f9e92806003b5c26643', '2001002001');
INSERT INTO `sys_role_menu`
VALUES ('dd93cadf1a8d495f929eb269b368ce16', '75fde99fc20d4f9e92806003b5c26643', '2001002002');
INSERT INTO `sys_role_menu`
VALUES ('10eaaaa1663c46188e3d4b09c1af5323', '75fde99fc20d4f9e92806003b5c26643', '2001002003');
INSERT INTO `sys_role_menu`
VALUES ('25d03b91346545a5bc7a2963e4707855', '75fde99fc20d4f9e92806003b5c26643', '2001003');
INSERT INTO `sys_role_menu`
VALUES ('2e3175feace74fbfb819f072970e9fed', '75fde99fc20d4f9e92806003b5c26643', '2001003001');
INSERT INTO `sys_role_menu`
VALUES ('c7e55907a5c74ccfa4b8d232afbe648f', '75fde99fc20d4f9e92806003b5c26643', '2001003002');
INSERT INTO `sys_role_menu`
VALUES ('1f4924c559c94e2d92d26b98837e8cd3', '75fde99fc20d4f9e92806003b5c26643', '2001003003');
INSERT INTO `sys_role_menu`
VALUES ('9ef0c5fb9a3848b387f3c0b791973b39', '75fde99fc20d4f9e92806003b5c26643', '2001003004');
INSERT INTO `sys_role_menu`
VALUES ('b96010595d9347f59fc2ee364d255663', '75fde99fc20d4f9e92806003b5c26643', '2001003005');
INSERT INTO `sys_role_menu`
VALUES ('93c52722bf024a5a93f2dab9230101e7', '75fde99fc20d4f9e92806003b5c26643', '2001003006');
INSERT INTO `sys_role_menu`
VALUES ('eaf1ffcab60044d3b47ffa5004a9f178', '75fde99fc20d4f9e92806003b5c26643', '2001004');
INSERT INTO `sys_role_menu`
VALUES ('83038285818f43ffb8cf799cbc9e3232', '75fde99fc20d4f9e92806003b5c26643', '2001004001');
INSERT INTO `sys_role_menu`
VALUES ('7b8446469d3044cc944d36c861039411', '75fde99fc20d4f9e92806003b5c26643', '2001004002');
INSERT INTO `sys_role_menu`
VALUES ('2b288cd2bda846e585037ae463a6df91', '75fde99fc20d4f9e92806003b5c26643', '2001004003');
INSERT INTO `sys_role_menu`
VALUES ('d6c1bf90a0a64087a8c397310f21c1c5', '75fde99fc20d4f9e92806003b5c26643', '2001004004');
INSERT INTO `sys_role_menu`
VALUES ('2c304c86ff23466ebc1b8a6efa1da93c', '75fde99fc20d4f9e92806003b5c26643', '2001004005');
INSERT INTO `sys_role_menu`
VALUES ('8e89b697e6e14501a8df34aeacca2e6a', '75fde99fc20d4f9e92806003b5c26643', '2001004006');
INSERT INTO `sys_role_menu`
VALUES ('a76d415cfead46f38df3bc30c397deca', '75fde99fc20d4f9e92806003b5c26643', '2001005');
INSERT INTO `sys_role_menu`
VALUES ('062d390000a64520bacecacf6a3dd331', '75fde99fc20d4f9e92806003b5c26643', '2001005001');
INSERT INTO `sys_role_menu`
VALUES ('5e616c1ac66541b8beb392327e5e5f80', '75fde99fc20d4f9e92806003b5c26643', '2001005002');
INSERT INTO `sys_role_menu`
VALUES ('98776bde1ab046cfbc2eb6cb604c8e7c', '75fde99fc20d4f9e92806003b5c26643', '2001005003');

INSERT INTO `sys_user_role` (`id`, `user_id`, `role_id`) VALUES ('1', '1', '1');
